AW,PC,AWPC,DAW,DPC,DAWPC
     NA,1.00000,1.00000,0.01000,0.03300,0.79000
     NA,     NA,1.00000,0.00800,0.00032,0.31000
     NA,     NA,     NA,0.01200,0.01300,0.37000
     NA,     NA,     NA,     NA,1.00000,1.00000
     NA,     NA,     NA,     NA,     NA,0.35000
     NA,     NA,     NA,     NA,     NA,     NA
