AW,PC,AWPC,DAW,DPC,DAWPC
0.42400,1.00000,1.00000,0.01000,0.03300,0.79000
,0.37600,1.00000,0.00800,0.00032,0.31000
,,0.41200,0.01200,0.01300,0.37000
,,,0.60000,1.00000,1.00000
,,,,0.61200,0.35000
,,,,,0.52900